objectID,title,department,objectDate,culture,medium,classification,artistDisplayName,country,period,objectBeginDate,objectEndDate
493694,Street in Helgoland II,Modern and Contemporary Art,1924,,Oil on board with painted frame,Paintings,Arthur Segal,,,1924,1924
67582,Piece,Asian Art,18th–19th century,Japan,Silk,Textiles-Woven,,,,1700,1899
15287,Portrait of a Gentleman,The American Wing,1800–1805,American,Watercolor on ivory,,,,,1800,1805
665833,"Ein new Modelbuch..., page 4 (recto)",Drawings and Prints,"October 22, 1524",,Woodcut,Books,Johann Schönsperger the Younger,,,1524,1524
243930,Chlorite miniature jar,Greek and Roman Art,ca. 1600–1050 BCE,Cypriot,Chlorite,Miscellaneous-Stone Vases,,,Late Bronze Age,-1600,-1050
221484,Rose and Lily,European Sculpture and Decorative Arts,1893,,Silk and wool,Textiles-Woven,John Henry Dearle,,,1893,1893
206414,Snuffbox,European Sculpture and Decorative Arts,1764–65,,Gold,Metalwork-Gold and Platinum,Louis-Philippe Demay,,,1764,1765
91225,Shirt,Costume Institute,ca. 1972,French,cotton,,Yves Saint Laurent,,,1967,1977
659850,"John Tyler, Tenth President of the United States, Born April 29th, 1790–Succeeded to the Presidential Chair at the death of President Harrison, April 4th, 1841–Retired March 4th, 1845",Drawings and Prints,after 1845,,Hand-colored lithograph,Prints,E. B. & E. C. Kellogg,,,1845,1845
62434,Arrowhead,Asian Art,,Japan,"Sandstone, chert or flint",Stone,,,Late Jōmon period (ca. 1500–1000 BCE),-1500,-1000
559461,"Pall tie, Wah",Egyptian Art,ca. 1981–1975 B.C.,,Linen,,,Egypt,Middle Kingdom,-1981,-1975
661794,"Corona delle Nobili et Virtuose Donne: Libro I-IV, page 5 (recto)",Drawings and Prints,1601,,Woodcut,Books,Cesare Vecellio,Italy,,1601,1601
823932,"Horse Accomplishments, Sketch 11: A Land Measurer !!",Drawings and Prints,"August 1, 1799",,Etching and aquatint,Prints,Thomas Rowlandson,,,1799,1799
423689,The Drama [Cigarette] (Die Drama),Drawings and Prints,1912,,Color lithograph,Prints,Moriz Jung,,,1912,1912
52324,Dish,Asian Art,1760,Japan,"White porcelain decorated with blue under the glaze, polychrome enamels (Nabeshima ware)",Ceramics,,,Edo period (1615–1868),1760,1760
459993,"Woman Combing Her Hair (Femme se coiffant), from ""L'Estampe Originale""",Drawings and Prints,1894,,Transfer lithograph on chine collé,Prints,Maximilien Luce,,,1894,1894
354549,Old T-Wharf from Harbor,Drawings and Prints,ca. 1911–55,,Etching with drypoint,Prints,Sears Gallagher,,,1911,1955
17238,Photograph of a window,The American Wing,late 19th–early 20th century,American,Photograph with watercolor added,,Louis C. Tiffany,United States,,1870,1930
19752,Statement,The American Wing,1927,American,"Testimonial: graphite on paper; Photograph on paper, mounted on paper backing printed with brown double-line border.",,Thomas Moran,,,1927,1927
56976,The Actor Ichikawa Monosuke II in an Unidentified Female Role,Asian Art,ca. 1789,Japan,Woodblock print; ink and color on paper,Prints,Katsukawa Shun'ei 勝川春英,,Edo period (1615–1868),1779,1799
203926,Cleopatra,European Sculpture and Decorative Arts,first quarter 16th century,,Bronze,Sculpture-Bronze,Severo Calzetta da Ravenna,,,1500,1525
214904,Fragment,European Sculpture and Decorative Arts,17th century,,Bobbin lace,Textiles-Laces,,,,1600,1699
398627,Designs for Plates Taken from Oudry's Illustrations to La Fontaine's Fables,Drawings and Prints,after 1755,,Etching,Prints,Jean-Baptiste Oudry,,,1755,1790
467349,Glass Fragment,Medieval Art,13th century,European,"Colored glass, silver stain, and vitreous paint",Glass-Stained,,,,1200,1299
13339,George William Fairfax,The American Wing,1816,American,Watercolor on ivory,,Joseph Wood,,,1816,1816
436149,"Madame Théodore Gobillard (Yves Morisot, 1838–1893)",European Paintings,1869,,Oil on canvas,Paintings,Edgar Degas,,,1869,1869
192764,Folding armchair,European Sculpture and Decorative Arts,second half 16th century,,Walnut,Woodwork-Furniture,,,,1550,1599
640567,"Bust of a young man with a hat, bound in L'Oeuvre original de Vivant Denon. Collection de eaux-fortes, Volume 1",Drawings and Prints,1873,,Lithograph,Books,Baron Dominique Vivant Denon,France,,1873,1873
546576,Sealing,Egyptian Art,ca. 2030–1640 B.C.,,Clay (unfired),,,Egypt,Middle Kingdom,-2030,-1640
626995,"Shaft, capital and entablature of the Corinthian order and eight consoles, plate 9, from Das ander Buech Gemacht auff die zway Colonnen, Corinthia und Composita",Drawings and Prints,,,Etching,Prints,Hans Vredeman de Vries,Belgium,,1565,1581
423465,Copy of a Horizontal Panel with Tendrils Growing Outwards from a Vessel at Center,Drawings and Prints,after 1521,,Engraving,Prints,Jacob Binck,,,1521,1600
352395,Kabuki juhachi ban ko (Study of eighteen representative Kabuki plays),Drawings and Prints,1917,,,Books,Kaneko Saburo,,,1917,1917
204505,Standing Hercules,European Sculpture and Decorative Arts,19th century,,"Bronze, silvering (eyes and wreath)",Sculpture-Bronze,,,,1785,1799
369617,The Celestial Art,Drawings and Prints,1894,,Lithograph,Prints,Odilon Redon,,,1894,1894
457130,Coin,Islamic Art,967–78 CE,,Silver,Coins,,,,942,1003
245830,Carnelian intaglio with inscriptions,Greek and Roman Art,17th century,Post Classical,Carnelian,Gems,,,,1600,1699
726292,"Studio d'Arts Décoratifs..., Pl. 1, Dix Modèles de Mouchoirs d’une grande variété de dessins et de couleurs",Drawings and Prints,n.d. (1930s?),,Pochoir,Books,Nicolas Sorokine,France,,1920,1940
781139,"Congress Hall Parlor, Saratoga, New York",Photographs,1860s–80s,,Albumen silver print,Photographs,Unknown,,,1860,1889
3616,Hobnail Finger Bowl,The American Wing,after 1886,American,Pressed colorless and opaque cranberry glass,,"Hobbs, Brockunier and Company",United States,,1887,1896
683853,Terracotta rim fragment of a kylix (drinking cup),Greek and Roman Art,490–480 BCE,"Greek, Attic",Terracotta,Vases,,,Late Archaic,-500,-450
726781,"Page from ""Symbola Divina et Humana Pontificum, Imperatorum, Regum"", Vol. 1",Drawings and Prints,1601,,Engraving,Prints,Aegidius Sadeler II,,,1601,1601
120470,Evening fan,Costume Institute,1950s,American or European,"plastic, cotton",,,,,1950,1959
591056,"Worker Shabti of Henettawy (C), Daughter of Isetemkheb",Egyptian Art,ca. 990–970 B.C.,,Faience,,,Egypt,Third Intermediate Period,-990,-970
352113,Ferdinand de Neufville de Villeroy,Drawings and Prints,ca. 1664,,Engraving; first state of nine (Petitjean & Wickert),Prints,Robert Nanteuil,,,1659,1669
285514,"[Mangroves, Florida]",Photographs,1941,,Film negative,Negatives,Walker Evans,,,1941,1941
245658,Glass double cosmetic flask (kohl tube),Greek and Roman Art,4th–5th century CE,Roman,Glass,Glass,,,Late Imperial,300,499
110107,Loafers,Costume Institute,ca. 1972,Italian,"leather, metal, wool",,Gucci,,,1967,1977
204834,Charity or Maternity,European Sculpture and Decorative Arts,"19th century, after a model of ca. 1877",,Bronze,Sculpture-Bronze,Aimé-Jules Dalou,,,1872,1899
686913,Terracotta fragment of a kylix (drinking cup),Greek and Roman Art,second quarter of the 5th century BCE,"Greek, Attic",Terracotta,Vases,,,Classical,-500,-450
282765,Landscape III,Photographs,1996,,Chromogenic print,Photographs,Siegrun Appelt,,,1996,1996
64250,"Ear Ornament, Kala and Flames",Asian Art,8th–12th century,Indonesia (Central Java),Gold,Jewelry,,,,700,1199
56580,Three-Legged Tub,Asian Art,,Japan,Lacquer (Negoro-nuri ware),Lacquer,,,Nanbokuchō (1336–92)–Muromachi (1392–1573) period,1336,1573
326930,Earrings,Ancient West Asian Art,2nd–1st millennium BCE (?),Iran,Electrum,,,,Late Bronze Age,-2000,-1
59413,Netsuke,Asian Art,18th century,Japan,Wood,Netsuke,,,Edo period (1615–1868),1700,1799
313248,Pendant,The Michael C. Rockefeller Wing,1st–8th century,Mezcala,Stone,Stone-Ornaments,,Mexico,,1,800
765676,Scene from War Paint from Western Stars or Scenes Exhibit Cards series (W412),Drawings and Prints,ca. 1926,,Commercial color photolithograph,Prints,,,,1921,1931
290401,"Katherine Graham, Chairman of the Board, Washington Post Company, Washington, D.C., March 11, 1976",Photographs,1976,,Gelatin silver print,Photographs,Richard Avedon,,,1976,1976
469088,Quarter Noble of Henry VI (1422-61),Medieval Art,15th century,British,Gold,Coins,,,,1400,1499
237998,Three-light wall bracket (one of a set of six),European Sculpture and Decorative Arts,ca. 1760,,"Carved, painted and gilded wood; gilt-bronze",Woodwork-Furniture,,,,1755,1765
722933,"Private, 9th Regiment, Massachusetts, V.M., from the Military Series (N224) issued by Kinney Tobacco Company to promote Sweet Caporal Cigarettes",Drawings and Prints,1888,,Commercial color lithograph,Prints,Kinney Brothers Tobacco Company,,,1888,1888
26794,Fauchard,Arms and Armor,ca. 1550,Italian,"Steel, wood (ash), textile (velvet, silk), metallic thread, brass",Shafted Weapons,,Italy,,1525,1575
655023,"Hilda Hollins, from the Actresses series (N245) issued by Kinney Brothers to promote Sweet Caporal Cigarettes",Drawings and Prints,1890,,Albumen photograph,Photographs,Kinney Brothers Tobacco Company,,,1890,1890
375515,Old Man with a Muffler,Drawings and Prints,early 20th century,,Drypoint,Prints,Roselle H. Osk,,,1900,1932
417443,"Mlle. Dimitri, from the Actors and Actresses series (N45, Type 8) for Virginia Brights Cigarettes",Drawings and Prints,ca. 1888,,Albumen photograph,Photographs,Allen & Ginter,,,1885,1891
71701,Piece,Asian Art,18th century,Japan,Silk / Compound weave,Textiles-Woven,,,Edo period (1615–1868),1700,1799
892890,"Album 223, Page 17",Drawings and Prints,ca. 1880–99,,Photographs,Photographs,,,,1875,1900
324503,Cylinder seal,Ancient West Asian Art,ca. 3100–2900 BCE,,Stone,,,,Jemdet Nasr,-3100,-2900
49434,Landscapes,Asian Art,1848,China,Album of eight paintings; ink and color on paper,Paintings,Dai Xi,,Qing dynasty (1644–1911),1848,1848
428102,"Actress framed by dramatic upright pointed collar, from the Actresses Folder Series (N96) to promote Honest Long Cut Tobacco manufactured by W. Duke Sons & Co.",Drawings and Prints,ca. 1889,,Commercial color lithograph,Prints,"W. Duke, Sons & Co.",,,1887,1893
254620,Chalcedony cone,Greek and Roman Art,2nd half of the 5th century BCE,"Greek, Ionian","Chalcedony, smoky, silver",Gems,,,Classical,-450,-400
746875,"'The Rebozo', from the Picture Book (plate 21)",Drawings and Prints,1933,,Colour lithograph on zinc,Prints,Jean Charlot,Mexico,,1933,1933
489069,The Violinist,Modern and Contemporary Art,1918,,Chalk and watercolor on paper,Drawings,Herman Jensen,,,1918,1918
484719,Blackwell Island,Modern and Contemporary Art,1923–24,,"Double-sided ink, graphite and watercolor on paper",Drawings,Wanda Gag,,,1923,1924
820113,Larry Doyle from Baseball Drawings strip cards (W514),Drawings and Prints,ca. 1919–21,,Commercial color lithograph reproducing drawing,Prints,,,,1919,1921
775011,[Paper Moon Studio Portrait],Photographs,1900s–1930s,,Gelatin silver print,Photographs,Unknown,,,1900,1939
311687,Bowl,The Michael C. Rockefeller Wing,mid-20th century,Asmat people,Wood,Wood-Containers,Johambee,Indonesia,,1900,2000
449206,Kohl Applicator,Islamic Art,5th–8th century,,Bronze,Metal,,Palestine,,400,799
189315,Panel,European Sculpture and Decorative Arts,early 18th century,,Oak,Woodwork,,,,1700,1715
632113,Roman mosaic glass vessel fragment,Egyptian Art,30 B.C.–A.D. 364,,Mosaic glass,,,Egypt,Roman Period,-30,364
42246,Vase,Asian Art,1678–88,China,Porcelain with celadon glaze (Jingdezhen ware),Ceramics,,,"Qing dynasty (1644–1911), Kangxi period (1662–1722)",1678,1688
27553,Drawing of Design for Sword Hilt and Tip of Scabbard (Dolphin-Head Grip),Arms and Armor,second half 16th century,German,Ink on paper,Works on Paper-Drawings,,Germany,,1550,1600
550725,Scarab Finger Ring,Egyptian Art,ca. 1295–1070 B.C.,,"Bronze or copper alloy, glazed steatite",,,Egypt,"New Kingdom, Ramesside",-1295,-1070
211499,Traveling triptych,European Sculpture and Decorative Arts,mid-18th century,,"Painted icon, silver, gilt, brass",Metalwork-Silver In Combination,,,,1730,1765
693069,"The Virgin and Child, surrounded by St. John the Baptist, St. Paul, and St. Catherine",Drawings and Prints,1672–1700,,Engraving,Prints,Benoit Farjat,,,1672,1700
251163,Intaglio in modern ring,Greek and Roman Art,3rd–1st century BCE,,"Emerald, gold",Gems,,,Hellenistic,-299,-1
50053,Pair of Ear Clips with Leaf-Shaped Bezel,Asian Art,Second half of the 8th–second half of the 10th century,Indonesia (Java),Gold,Jewelry,,,Central Javanese period,750,999
772541,Terracotta rim fragment of a skyphos (deep drinking cup),Greek and Roman Art,5th century BCE,"Greek, Attic",Terracotta,Vases,,,Late Archaic/Classical,-650,-300
214974,Piece,European Sculpture and Decorative Arts,18th century,,Bobbin lace,Textiles-Laces,,,,1700,1799
778363,"Card Number 167, Rich Hebner, Pittsburgh Pirates",Drawings and Prints,1977,,Commercial Color Lithograph,Prints,Topps Chewing Gum Company,,,1977,1977
60776,Sample of Chinese printing of the Song period (960–1278),Asian Art,,China,Illustrated book,Illustrated Books,,,Song dynasty (960–1279),960,1278
323015,Jug,Ancient West Asian Art,ca. 3rd–7th century CE,Sasanian,Ceramic,,,,Sasanian,200,699
245712,Glass perfume bottle,Greek and Roman Art,late 1st–3rd century CE,Roman,Glass,Glass,,,Imperial,80,299
369225,"Marie de Medicis, reine de France",Drawings and Prints,,,Etching,Prints,Jean Morin,,,1605,1650
494943,Narva,Modern and Contemporary Art,1961,,"Steel bars, metal wheel, tubes, cast iron, wire, aluminum, string, electric motor 220 v",Sculpture,Jean Tinguely,,,1961,1961
751273,Pear-shaped ornament design with Diana in a small temple and grotesque motifs on a black ground,Drawings and Prints,1573,,Engraving: first state,Prints,Etienne Delaune,,,1573,1573
314869,Snuff Vessel,The Michael C. Rockefeller Wing,20th century,Kenya,"Calabash, beads, cloth",Beads-Containers,,Kenya,,1900,2000
124841,Comb,Costume Institute,20th century,Spanish,plastic (cellulose nitrate),,,,,1900,1946
318338,Votive Container (Canopa),The Michael C. Rockefeller Wing,15th century,Inca,Stone,Stone-Containers,,Peru,,1375,1525
308258,Headcloth (Ikat Tengahan),The Michael C. Rockefeller Wing,mid to late 19th century,Javanese,Cotton,Textiles-Woven,,Indonesia,,1800,1900
201144,Plate (part of a service),European Sculpture and Decorative Arts,ca. 1765,,Hard-paste porcelain,Ceramics-Porcelain-Export,,,,1760,1770
558777,Panther Head Amulet,Egyptian Art,664–332 B.C.,,Faience,,,Egypt,Late Period,-664,-343
243793,"Bead, inscribed ""Sa-ra""",Greek and Roman Art,,,"Clay, glazed",Gold and Silver,,,,-7000,330
625211,"Three putti with one holding a horn, with a female figure holding a torch in the lunette below, from 'Di Tutti gli Affresco del Correggio in Parma'",Drawings and Prints,ca. 1846,,Etching and engraving,Prints,Antonio Dalco,,,1841,1851
911997,Bird on hibiscus,Asian Art,18th century,China,Polychrome woodblock print; ink and color on paper,Prints,Ding Liangxian,,"Qing dynasty (1644–1911), Qianlong period (1736–1795)",18,18
562444,"Relief fragment, tomb of Meketre",Egyptian Art,ca. 1981–1975 B.C.,,"Limestone, paint",,,Egypt,Middle Kingdom,-1981,-1975
544923,Relief faragment with Nubians,Egyptian Art,ca. 1353–1336 B.C.,,"Limestone, paint (mostly original)",,,,"New Kingdom, Amarna Period",-1353,-1353
41469,Guanyin the Bringer of Sons,Asian Art,17th century,China,Sandalwood with traces of pigment and gilding,Sculpture,,,Qing dynasty (1644–1911),1644,1699
475266,Textile Fragment,Medieval Art,5th century,Coptic,"Linen, wool",Textiles-Woven,,Byzantine Egypt,,400,499
492389,"The Bride Stripped Bare by Her Bachelors, Even (The Green Box)",Modern and Contemporary Art,1934,,Box containing collotype reproductions on various papers,Prints,Marcel Duchamp,,,1934,1934
158840,Corset cover,Costume Institute,1895–1900,French,"cotton, silk",,,,,1895,1900
414103,"Bay, Nashville, Southern League, from the White Border series (T206) for the American Tobacco Company",Drawings and Prints,1909–11,,Commercial lithograph,Prints,American Tobacco Company,,,1909,1911
651830,"The Narrows, New York Bay from Staten Island",Drawings and Prints,1868–78,,Hand-colored lithograph,Prints,Currier & Ives,,,1868,1878
221442,Statue robe,European Sculpture and Decorative Arts,early 16th century,,Silk and metal thread on linen,Textiles-Embroidered,,,,1500,1515
130808,Dress,Costume Institute,spring/summer 2003,French,"a) silk, rhinestone, plastic, synthetic; b) silk, rhinestone, plastic",,House of Chanel,,,2003,2003
374434,Ozark Mill,Drawings and Prints,1937,,Linocut,Prints,Don C. Kincaid,,,1937,1937
325306,Stud,Ancient West Asian Art,ca. 9th century BCE,Iran,"Copper, bronze",,,,"Iron Age II, Hasanlu Period IV",-900,-800
243413,Gold earring with convex disk and small disk,Greek and Roman Art,1st–2nd century CE,Roman,Gold,Gold and Silver,,,Imperial,100,199
896929,"Vue du chemin de Longuetoise à St. Mars (View of the Road between Longuetoise Chateau and St. Mars), from ""Vues et paisages du chateau de Longuetoise et des environs"" (Views of the Longuetoise Chateau)",Drawings and Prints,ca. 1640–69,,Etching,Prints,Albert Flamen,,,1635,1674
500894,Pottery Whistle?,Musical Instruments,ca. 800–1526,Costa Rican,Clay,Aerophone-Whistle Flute-whistle,,Costa Rica,Pre-Columbian,800,1526
564290,Jar Label,Egyptian Art,ca. 1390–1352 B.C.,,"Pottery and ink, paint",,,Egypt,New Kingdom,-1390,-1390
431767,"People from Calicut, from ""The Triumphal Procession of Emperor Maximilian"" (Triumph Des Kaisers Maximilian I)",Drawings and Prints,printed 1883–84,,Woodcut; restrike,Prints,Hans Burgkmair,,,1883,1884
205650,Dwarf as Galatea (one of a pair),European Sculpture and Decorative Arts,1770,,"Cast terracotta, polychromed (dark green, yellowish brown, rust and black)",Sculpture,Walter Pompe,,,1770,1770
565798,Sealing,Egyptian Art,ca. 2030–1640 B.C.,,Clay (unfired),,,Egypt,Middle Kingdom,-2030,-1640
275839,"[Fireplace in Floyd Burrroughs's Bedroom with Bedpost in Foreground, Hale County, Alabama]",Photographs,1936,,Film negative,Negatives,Walker Evans,,,1936,1936
760711,Ernie Banks #20 from Nu-Card Baseball Hi-Lites series (W460),Drawings and Prints,1960,,Commercial photolithograph,Prints,"Nu-Card, Inc.",,,1960,1960
689997,"View from the Sentinel Dome, Yosemite",Photographs,1865–66,,Albumen silver prints from glass negatives,Photographs,Carleton E. Watkins,,,1865,1866
696496,[Two Women Walking along Central Park Path],Photographs,1860s,,Albumen silver print,Photographs,Guild's Photography Gallery,,,1860,1869
36492,"Storm below Mount Fuji (Sanka no haku u), from the series Thirty-six Views of Mount Fuji (Fugaku sanjūrokkei)",Asian Art,ca. 1830–32,Japan,Woodblock print; ink and color on paper,Prints,Katsushika Hokusai,,Edo period (1615–1868),1820,1842
209579,Brisé fan with depiction of allegorical figure of Music,European Sculpture and Decorative Arts,last quarter 18th century,,"Pierced, gilded, and painted ivory; painted paper; printed and painted silk ribbon; glass",Fans,Francesco Bartolozzi,,,1775,1799
738112,Garbage is valuable,Drawings and Prints,ca. 1917,,Commercial lithograph,Prints,United States Food Administration,,,1915,1922
17410,Design for window,The American Wing,late 19th–early 20th century,American,"Gouache and watercolor in grisaille, light tan; gouache impasto in figure; black chalk (assumed) as underdrawing; ruled black pen and ink borders on off-white wove paper; 1-ply lining paper",,Louis C. Tiffany,USA,,1870,1930
726007,Miniature saucer (one of five) (part of a set),European Sculpture and Decorative Arts,ca. 1800,,Soft-paste porcelain,Ceramics-Pottery,,,,1795,1805
271427,[Nude],Photographs,1920s–50s,,Gelatin silver print,Photographs,Ben Magid Rabinovitch,,,1920,1959
343375,"Curtain Design for ""Fantasme"" (1928)",Drawings and Prints,1928,,Gouache and metallic paint,Drawings,Erté (Romain de Tirtoff),,,1928,1928
242852,Gold earring with head of a bull,Greek and Roman Art,4th–3rd century BCE,Greek,Gold,Gold and Silver,,,Classical or Hellenistic,-399,-200
41623,Snuff Bottle,Asian Art,,China,Yellow porcelain with pink glass stopper,Snuff Bottles,,,Modern,1900,1920
199547,Teapot,European Sculpture and Decorative Arts,ca. 1750–60,,Salt-glazed stoneware with gilding,Ceramics-Pottery,,,,1745,1755
871966,Plaque with seahorses and snakes,European Sculpture and Decorative Arts,1898–1899,,Glazed earthenware,Ceramics-Pottery,Rozenburg Plateelfabriek,,,1898,1899
921153,Design for handle,Drawings and Prints,ca. 1880–1900,,Graphite,Drawings,George S. Pearson,,,1875,1905
444121,Square with Quail,Islamic Art,probably 5th century,,"Wool, linen; plain weave, tapestry weave",Textiles,,Egypt,,400,499
785340,"On Your Way, from the ""Mutt and Jeff"" series (T88),  issued with Sweet Caporal Cigarettes by Kinney Brothers Tobacco Company",Drawings and Prints,ca. 1910,,Commercial color lithograph,Prints,Bud Fisher,,,1905,1915
645239,"Christ in the Garden, from The Passion of Christ, plate 7",Drawings and Prints,1664,,Engraving,Prints,Grégoire Huret,,,1664,1664
270833,"Old Gateway, Raglan Castle, Monmouthshire",Photographs,1855,,Albumen silver print,Photographs,J. Holden,,,1855,1855
200737,Cask stand,European Sculpture and Decorative Arts,probably 20th century,,Hard-paste porcelain,Ceramics-Porcelain,Meissen Manufactory,,,1900,1999
547428,Model harpoon,Egyptian Art,ca. 2650 B.C.,,Copper alloy,,,Egypt,Early Dynastic Period,-2650,-2650
393703,"Landscape, no.8 from a series of landscapes",Drawings and Prints,17th century,,Etching,Prints,"Anonymous, Netherlandish, 17th century",,,1600,1700
340702,Design for a Wall Fountain,Drawings and Prints,1550–1620,,"Pen and brown-gray ink over leadpoint or graphite, with ruled construction; framing lines in leadpoint or graphite",Drawings,"Anonymous, Italian, Lombard, 16th century",,,1550,1620
816556,Rogers Hornsby from Baseball Drawings strip cards (W515-2),Drawings and Prints,1923,,Commercial color photolithograph,Prints,,,,1923,1923
858223,The Tower in Cardiff Castle where Robert Duke of Normandy was,Drawings and Prints,1786,,Watercolor over aquatint and roulette,Prints,Paul Sandby,,,1781,1791
502209,Flageolet in C Sharp,Musical Instruments,ca. 1808,British,"Wood, ivory, silver",Aerophone-Whistle Flute-flageolet,William Bainbridge,United Kingdom,,1798,1818
372591,Lagoon: Noon,Drawings and Prints,,,"Etching and drypoint, printed in black ink on medium weight ivory laid paper; third state of three (Glasgow)",Prints,James McNeill Whistler,,,1879,1880
103677,Ensemble,Costume Institute,1800–1938,probably European,[no medium available],,,,,1800,1938
239024,Plate (one of a set of twelve),European Sculpture and Decorative Arts,1715/16,,Silver,Metalwork-Silver,Richard Bayley,,,1715,1716
91408,Wrap skirt,Costume Institute,1975–76,American,polyester,,Bonnie August,,,1975,1976
217918,Border,European Sculpture and Decorative Arts,16th–17th century,,"Drawnwork, linen and silk",Textiles-Laces,,,,1500,1699
662132,"Miner, from ""L'Estampe Originale""",Drawings and Prints,1895,,Lithograph,Prints,Constantin Meunier,,,1895,1895
436221,A Couple in an Interior with a Fortune-Teller,European Paintings,ca. 1632–33,,Oil on wood,Paintings,Jacob Duck,,,1632,1633
420763,"Frontispiece, from ""Les Petites Misères de la Guerre"" (The Little Miseries of War)",Drawings and Prints,1636,,Etching,Prints,Abraham Bosse,,,1636,1636
240150,Terracotta jug,Greek and Roman Art,ca. 475–400 BCE,Cypriot,Terracotta,Vases,,,Cypro-Classical I,-475,-400
669211,"David standing with crossed legs and holding the head of Goliath on a pedestal at left, a sword on the ground, after Reni",Drawings and Prints,ca. 1635–1670,,Engraving,Prints,Giacomo Piccini,,,1630,1670
452476,Ceramic Fragment,Islamic Art,13th–16th century,,Stonepaste; painted under transparent glaze,Ceramics,,Egypt,,1200,1599
354903,"Illustrated Catalogue of Furniture, Carpets, Ranges, Crockery, etc.",Drawings and Prints,late 19th century,,Illustrations: wood engravings,Books,Osgood & Whitney,,,1880,1900
829430,The Rider,Drawings and Prints,ca. 1845,,Etching,Prints,Charles Jacque,,,1840,1850
452093,Textile Fragment,Islamic Art,17th century,,"Silk, metal wrapped thread; brocaded and voided velvet",Textiles-Woven,,Turkey,,1600,1699
342375,The Annunciation,Drawings and Prints,1598,,Engraving,Prints,Francesco Villamena,,,1598,1598
314134,Marionette: Female Figure,The Michael C. Rockefeller Wing,19th–20th century,Ibibio peoples,Wood,Wood-Sculpture,Ibibio artist,Nigeria,,1800,2000
205456,Musical bracket or table clock with calendar and repeating work,European Sculpture and Decorative Arts,ca. 1780–94,,"Tortoiseshell veneer and engraved crystal, gilt-bronze mounts; painted dial",Horology,Eardley Norton,,,1775,1799
96991,Cocktail dress,Costume Institute,1971,American,"synthetic fiber, cotton, fur",,Pauline Trigère,,,1971,1971
401856,"Fred ""Dandelion"" Pfeffer, 2nd Base, Chicago, from the Old Judge series (N172) for Old Judge Cigarettes",Drawings and Prints,1887,,Albumen photograph,Photographs,Goodwin & Company,,,1887,1887
393253,"Masks of 1831, published in La Caricature",Drawings and Prints,"March 8, 1832",,Lithograph,Prints,Honoré Daumier,,,1832,1832
54864,"Two Ladies, Each with a Portion of a Lacquered Mirror",Asian Art,1790s,Japan,Woodblock print; ink and color on paper,Prints,Kitagawa Utamaro,,Edo period (1615–1868),1790,1799
679843,Drawbridge,Drawings and Prints,1912,,Etching,Prints,Ernest Haskell,,,1912,1912
28503,Sword Guard (Tsuba),Arms and Armor,ca. 1615–1868,Japanese,"Copper-silver alloy (shibuichi), gold, copper",Sword Furniture-Tsuba,,Japan,,1590,1900
774695,A Rider Falls into Water,Drawings and Prints,1780–1820,,Hand-colored etching,Prints,Henry William Bunbury,,,1780,1820
67089,Piece,Asian Art,18th–19th century,Japan,Silk,Textiles-Woven,,,,1700,1899
114627,Sandals,Costume Institute,1940–60,Guatemalan,"wool, cotton",,,,,1940,1960
488555,Napkin,Modern and Contemporary Art,early 20th century,,Cotton on linen,Textiles-Embroidered,Hector Guimard,,,1900,1924
122161,Necktie,Costume Institute,1915–41,American,[no medium available],,,,,1915,1947
712867,"Nouveau Livre de Desseins contenant les Ouvrages de la Joaillerie inventes et dessines par L. van der Cruycen en 1770, No. 10",Drawings and Prints,1770,,Engraving,Books,L. van der Cruycen,France,,1770,1770
560959,Crocodile amulet,Egyptian Art,ca. 1070–664 B.C.,,Faience,,,Egypt,Third Intermediate Period or later,-1070,-1070
351873,..Bybelsche Historien...,Drawings and Prints,1775,,,Books,Joannes Hübner,,,1775,1775
464658,Medallion,Medieval Art,13th century (before 1227),French,"Copper, champlevé enamel",Enamels-Champlevé,,France,,1200,1227
37459,Dish with Fish Design,Asian Art,15th–16th century,Thailand (Si Satchanalai),Earthenware with cream white glaze and iron-brown underglaze decoration,Ceramics,,,,1400,1599
334766,"The Infant Moses before Pharaoh, after Giovanni Battista Ruggieri",Drawings and Prints,,,Black chalk; framing lines in pen and brown ink,Drawings,Jean Robert Ango,,,1759,1770
325608,Lion's head terminal,Ancient West Asian Art,ca. 9th century BCE,Iran,Bronze,,,,"Iron Age II, Hasanlu Period IV",-900,-800
464355,Man,Medieval Art,15th century,French,Walnut,Sculpture-Wood,,,,1400,1499
378983,"Design for Pony Phaeton, no. 3687",Drawings and Prints,1881,,"Pen and black ink, watercolor and gouache with gum arabic",Drawings,Brewster & Co.,,,1881,1881
413204,"Le Misantrope, from ""Gravures de Boucher pour les Oeuvres de Molière (Figures de Boucher pour Molière)""",Drawings and Prints,mid-18th century,,Etching; proof before letters,Prints,Laurent Cars,France,,1734,1770
227060,Panel,European Sculpture and Decorative Arts,ca. 1750,,Wool,Textiles-Embroidered,,,,1745,1755
428711,"The Bibliophile, title page",Drawings and Prints,1912,,Etching,Prints,William Harry Warren Bicknell,,,1912,1912
774443,"Douglas Fairbanks as ""The Gaucho"" from Scenes from Movies Exhibit Cards series (W404)",Drawings and Prints,ca. 1927,,Commercial color photolithograph,Prints,Exhibit Supply Company,,,1927,1930
923639,Astrolabe,The Cloisters,1462,German or Italian,Copper alloy,Metalwork-Copper alloy,Regiomontanus,,,1457,1467
5252,Smithy Cupid Appliqué,The American Wing,ca. 1810–30,,"Cast brass, lacquer",,Henry Kellam Hancock,France,,1805,1835
563122,Jar label fragments,Egyptian Art,ca. 1390–1352 B.C.,,"Pottery and ink, paint",,,Egypt,New Kingdom,-1390,-1390
644116,"Actress wearing yellow bodice, from Stars of the Stage, First Series (N129) issued by W. Duke, Sons & Co. to promote Honest Long Cut Tobacco",Drawings and Prints,1890,,Commercial color lithograph,Prints,"W. Duke, Sons & Co.",,,1890,1890
69718,Imperial Robe,Asian Art,,China,"Silk, metallic thread on silk",Costumes-Embroidered,,,"Qing dynasty (1644–1911), Kangxi period (1662–1722)",1662,1722
563973,Jar Label,Egyptian Art,ca. 1390–1352 B.C.,,"Pottery, ink",,,Egypt,New Kingdom,-1390,-1390
816776,Color study,The American Wing,1920–27,American,Gouache and graphite on paper,,Tiffany Studios,United States,,1920,1927
419854,"Ste. Christine, vierge et martyre (St. Christine, Virgin and Martyr), July 24th, from ""Les Images De Tous Les Saincts et Saintes de L'Année"" (Images of All of the Saints and Religious Events of the Year)",Drawings and Prints,1636,,Etching; second state of two (Lieure),Prints,Jacques Callot,,,1636,1636
671469,Frank Lloyd Wright,The American Wing,ca. 1932,American,Charcoal and white chalk on paper,,Samuel Johnson Woolf,,,1927,1937
241033,Terracotta mask,Greek and Roman Art,end of the 7th century BCE,Cypriot,Terracotta,Terracottas,,,Cypro-Archaic I,-650,-600
690363,"D'apres l'antique, plate 85 from ""Recueil de divers Monumens Anciens répandus en plusieurs endroits de L'Italie""",Drawings and Prints,1770,,Etching,Prints,Jean Barbault,Italy,,1770,1770
503156,Flute,Musical Instruments,1300–1500,Tairona People; Gayraca style,Ceramic,Aerophone-Whistle Flute-recorder,,Colombia,Pre-Columbian,1300,1500
285474,"Mussolini Giving Orders to Teruzzi, Commandant of the Fascist Militia",Photographs,1931,,Gelatin silver print,Photographs,Felix H. Man,,,1931,1931
67698,Piece,Asian Art,18th–19th century,Japan,Silk,Textiles-Woven,,,,1700,1899
253509,Terracotta statuette of a woman,Greek and Roman Art,late 6th century BCE,"Greek, Boeotian",Terracotta,Terracottas,,,Archaic,-530,-500
359875,The Large Bathers (Les Baigneurs),Drawings and Prints,ca. 1898,,Color lithograph on wove paper; first state of two,Prints,Paul Cézanne,,,1893,1903
113381,Hat,Costume Institute,1900s,American,"wool, silk, feathers",,,,,1900,1909
371904,Mountainous Landscape with a Brook,Drawings and Prints,early 19th century,,Brush and brown ink and wash over graphite,Drawings,Franz Kobell,,,1800,1822
1611,Side Chair,The American Wing,1755–90,American,"Mahogany, maple, white pine",,,United States,,1755,1790
935425,"James Madison, Fourth President of the United States",Drawings and Prints,1828,,Lithograph,Prints,Nicolas Eustache Maurin,,,1828,1828
646587,"Abusant de la Liberté, from Actualités, published in Le Charivari, June 29, 1866",Drawings and Prints,"June 29, 1866",,Lithograph; third state of three (Delteil),Prints,Honoré Daumier,,,1866,1866
788025,The Entrance to the Highlands: Hudson River --Looking South,Drawings and Prints,1864,,Hand-colored lithograph,Prints,Currier & Ives,,,1864,1864
645783,Epitaphs (Les Epitaphes),Drawings and Prints,ca. 1640–59,,Engraving,Prints,Nicholas Blasset,,,1635,1659
236606,Bowl,European Sculpture and Decorative Arts,ca. 1600,,Lead-glazed earthenware,Ceramics-Pottery,,,,1595,1605
394078,"Title page, A Gentleman Offering a Cup to a Cripple, from ""The Beggars""",Drawings and Prints,1632,,Etching; fourth state of four,Prints,Jan Georg (Joris) van Vliet,,,1632,1632
686591,"Nederlandsche Tafereelen, volume IV",Drawings and Prints,1792,,Letterpress and etchings,Books,Anonymous,,,1792,1792
168575,Bootees,Costume Institute,1840–60,American,"Wool, silk",,,,,1840,1860
401248,"Plate 2: Saint Anthony at Age Five Showing His Prodigious Knowledge of the Gospels, from ""The Life of Saint Anthony the Abbot""",Drawings and Prints,1598,,Etching,Prints,Antonio Tempesta,,,1598,1598
855969,A naked youth leaning on a staff looking at a pine on a pedestal,Drawings and Prints,ca. 1500–20,,Etching,Prints,Monogrammist C (in reverse),,,1495,1505
63772,Flower vase,Asian Art,1977,Japan,Stoneware with natural ash glaze,Ceramics,Konishi Heinai,,Shōwa period (1926–89),1977,1977
779593,"The Man Was a Nazi Spy, from the ""America Salutes the FBI – Heroes of the Law"" series (R701-6), issued by Bowman Gum Company",Drawings and Prints,1949,,Commercial color lithograph,Prints,Bowman Gum Company,,,1949,1949
487132,Form and RE-FORM:  A Practical Handbook of Modern Interiors,Modern and Contemporary Art,1930,,"Book of black ink on paper, with paperboard covers",Books,Paul T. Frankl,,,1930,1930
257836,Mosaic glass fragment,Greek and Roman Art,late 1st century BCE–early 1st century CE,Roman,Glass,Glass,,,Early Imperial,-25,25
757201,"Those who are about to die, salute thee, from ""News of the day""",Drawings and Prints,"September 2, 1870",,Lithograph on newsprint; second state of two (Delteil),Prints,Honoré Daumier,,,1870,1870
500537,Organ Pipe,Musical Instruments,late 19th century,,"wood, metal",Aerophone-Accessories,,,,1880,1899
401238,"Darby O'Brien, Left Field, Brooklyn Bridegrooms, from the Old Judge series (N172) for Old Judge Cigarettes",Drawings and Prints,1888,,Albumen photograph,Photographs,Goodwin & Company,,,1888,1888
475088,Dress Fragment,Medieval Art,4th century,Coptic,"Linen, wool",Textiles-Costumes-Secular,,Byzantine Egypt,,300,400
192825,Candelabrum (one of a pair),European Sculpture and Decorative Arts,ca. 1765,,Soft-paste porcelain,Ceramics-Porcelain,Chelsea Porcelain Manufactory,,,1760,1770
114626,Shoes,Costume Institute,1959,American,silk,,,,,1959,1959
321643,Stamp seal,Ancient West Asian Art,ca. 4th–2nd century BCE,Seleucid,"Chalcedony, bluish",,,,Seleucid,-400,-100
684701,Schon newes Modelbuch...Page 10(r),Drawings and Prints,1617,,Woodcut,Albums,Sigismundus Latomus,,,1617,1617
127589,Button,Costume Institute,ca. 1880,French,metal,,,,,1875,1885
421615,"La Promenade (The Walk), from Les Caprices Series A, The Florence Set",Drawings and Prints,1617,,Etching; first state of two [?] (Lieure),Prints,Jacques Callot,,,1617,1617
932172,"Untitled, from ""Artist's Relief Portfolio for the Homeless: Relief Prints by 15 New York Artists""",Drawings and Prints,1992,,Woodcut,Prints,Herman Cherry,,,1987,1997
702235,"Rhode Island, from the Industries of States series (N117) issued by Duke Sons & Co. to promote Honest Long Cut Tobacco",Drawings and Prints,1889,,Commercial color lithograph,Prints,"W. Duke, Sons & Co.",,,1889,1889
893005,Untitled,Drawings and Prints,2017,,Single color etching,Prints,Stanley Whitney,,,2017,2017
412303,David and Bathsheba,Drawings and Prints,1833–35,,Mezzotint,Prints,James G. S. Lucas,,,1833,1835
888922,Ruffled Grouse (Bonasa Umbellus),Drawings and Prints,1905,,Color photolithographic process,Prints,Louis Agassiz Fuertes,,,1905,1905
344,Basin,The American Wing,ca. 1806–15,American,Pewter,,George Lightner,United States,,1803,1815
464065,Virgin and Child,Medieval Art,ca. 1400,French,Elephant ivory,Ivories-Elephant,,,,1400,1400
273171,"[Gladiola in Front of Backdrop, Darien, Connecticut]",Photographs,1929–30,,Film negative,Negatives,Walker Evans,,,1929,1930
388670,"Germanicus Habitus, from Fashions of Different Nations",Drawings and Prints,n.d.,,Engraving; first state of two,Prints,Pieter de Jode I,,,1580,1634
12345,Sunset,The American Wing,1905–6,American,"Watercolor, gouache, and graphite on white wove paper",,John Singer Sargent,,,1905,1906
67863,Textile,Asian Art,19th century,Japan,Paper fringe,Textiles-Costumes,,,,1800,1899
906716,Ubayd Zakani,Modern and Contemporary Art,1983–86,,Pen and ink on paper,Drawings,Ardeshir Mohassess,,,1983,1986
312898,Stone Figure Pendant,The Michael C. Rockefeller Wing,before 16th century,Mexican,Stone,Stone-Ornaments,,Mexico,,1200,1600
812451,Yoshino Pilgrim’s Jacket (Ohenro-gi) with Text of the Heart Sutra and Yoshino Pilgrimage Stamps,Asian Art,late19th–early 20th century,Japan,Ink drawn and stamped on bast fiber,Costumes-Printed and Painted,,,Meiji (1868–1912) or Taishō (1912–26) period,1867,1933
745317,Terracotta fragment of a neck-amphora (jar),Greek and Roman Art,last quarter of the 6th century BCE,"Greek, Attic",Terracotta,Vases,,,Archaic,-650,-400
727323,"Plate, from the Novelties series (N228, Type 4) issued by Kinney Bros.",Drawings and Prints,1889,,Commercial color lithograph,Prints,Kinney Brothers Tobacco Company,,,1889,1889
265823,[Lower West Street],Photographs,1936,,Gelatin silver print,Photographs,Berenice Abbott,,,1936,1936
214476,Fragment,European Sculpture and Decorative Arts,late 17th century,,Bobbin lace,Textiles-Laces,,,,1685,1699
37076,"The Harbor of Ajikawa, Settsu Province",Asian Art,1858,Japan,Woodblock print; ink and color on paper,Prints,Utagawa Hiroshige,,Edo period (1615–1868),1858,1858
220715,Piece,European Sculpture and Decorative Arts,mid-18th century,,Silk,Textiles-Woven,,,,1730,1765
811305,Plate 6: Design for a Keyhole Escutcheon,Drawings and Prints,1615,,Engraving,Prints,Antoine Jacquard,,,1615,1615
436713,"Madame Jean-Baptiste Isabey (Jeanne Laurice de Salienne, died 1829)",European Paintings,ca. 1796–1800,,Ivory,Miniatures,Jean-Baptiste Isabey,,,1796,1800
925975,"I'm a 950, but want to be 1000, from ""I'm a 950, but want to be 1000""",Drawings and Prints,2003,,Line etching and aquatint,Prints,Stephanie Wilde,,,1998,2008
49412,Dish with Design of Maple Leaves,Asian Art,1700–1730s,Japan,"Porcelain with underglaze blue and overglaze enamels (Hizen ware, Nabeshima type)",Ceramics,,,Edo period (1615–1868),1700,1739
54657,A Young Woman Standing in a Boat Pulling it along and a Young Man Seated in it at Her Feet,Asian Art,,Japan,Woodblock print; ink and color on paper,Prints,Uchimasa,,Edo period (1615–1868),1615,1868
656281,"Miss Renwick, from the Actresses series (N245) issued by Kinney Brothers to promote Sweet Caporal Cigarettes",Drawings and Prints,1890,,Albumen photograph,Photographs,Kinney Brothers Tobacco Company,,,1890,1890
390019,Designs for iron work balcony,Drawings and Prints,18th century,,,Drawings,,,,1700,1800
728984,Terracotta fragment of a column-krater (bowl for mixing wine and water),Greek and Roman Art,450–430 BCE,"Greek, Attic",Terracotta,Vases,,,Classical,-530,-400
40024,Mold with Intaglio Figure,Asian Art,3rd–7th century,Central Asia,Stucco,Sculpture,,,,200,699
684985,"No. 20, U. S. S. Roe (418), collector card from the Our Navy series (D62), issued by the Kelley Baking Company",Drawings and Prints,1942,,Commercial color lithograph,Prints,Kelley Baking Company,,,1942,1942
415771,View of Flanders (Veue de Flandre) after the painting in the collection of Madame la Comtesse de Verrue,Drawings and Prints,,,Etching and engraving,Prints,Pierre François Beaumont,,,1719,1780
691679,Terracotta fragment of a kylix (drinking cup),Greek and Roman Art,late sixth century BCE,"Greek, Attic",Terracotta,Vases,,,Archaic,-500,-450
77329,Shard (Study Collection),Asian Art,,China,Blue-and-white porcelain,Ceramics,,,Ming (1368–1644)–Qing (1644–1911) dynasties,1368,1911
83117,Suit,Costume Institute,1950,American,wool,,Gilbert Adrian,,,1950,1950
552182,Circlet necklace,Egyptian Art,ca. 1850–1700 B.C.,,Electrum,,,Egypt,Late Middle Kingdom–Second Intermediate Period,-1850,-1700
377873,Portrait of Verlaine,Drawings and Prints,1933,,Lithograph,Prints,Georges Rouault,,,1933,1933
925855,Benjamin Franklin,Drawings and Prints,after 1777,,Engraving and etching,Prints,"Anonymous, French, 18th century",,,1777,1777
424768,"Seven Diamonds, from the Playing Cards series (N84) to promote Turkish Cross-Cut Cigarettes for W. Duke, Sons and Co.",Drawings and Prints,1888,,Commercial color lithograph,Prints,"W. Duke, Sons & Co.",,,1888,1888
121793,Cane,Costume Institute,1950s,Swiss,"wood, metal",,,,,1950,1959
241609,Terracotta oil lamp,Greek and Roman Art,1st century BCE–1st century CE,Roman,Terracotta,Terracottas,,,Early Imperial,-99,99
411827,"Lilly Elton, from the Actors and Actresses series (N45, Type 1) for Virginia Brights Cigarettes",Drawings and Prints,ca. 1888,,Albumen photograph,Photographs,Allen & Ginter,,,1885,1891
784114,"U.S. Navy Rear-Admiral, from the ""Military Series"" (T81a), issued by Recruit Little Cigars",Drawings and Prints,1909–13,,Commercial color lithograph,Prints,Recruit Little Cigars,,,1909,1913
471370,Panel with the Presentation in the Temple,The Cloisters,early 16th century,French,Oak,Woodwork-Architectural,,France,,1500,1525
353455,"Architectural Sketches for Cottages, Rural Dwellings, and Villas...",Drawings and Prints,1805,,"Illustrations: etching and aquatint, printed in brown ink",Books,Robert Lugar,,,1805,1805
200135,Beaker,European Sculpture and Decorative Arts,1721–22,,Silver,Metalwork-Silver,Gabriel-Joseph Moillet,,,1721,1722
906498,[Unidentified Man],Photographs,1860s,,Albumen silver print,Photographs,Charles DeForest Fredricks,,,1860,1869
421568,"La Halte du Paysan et de Sa Femme (The Rest of the Peasant and His Wife), from ""Varie Figure"" (Various Figures)",Drawings and Prints,ca. 1620,,Etching; second state of three  (Lieure),Prints,Jacques Callot,,,1615,1625
682905,"11. Hepatica, bakery insert card from the Flower Pictures series (D36), issued by the Freihofer Baking Company",Drawings and Prints,1920s,,Commercial color lithograph,Prints,Freihofer Baking Company,,,1920,1929
655143,"Vernona Jarbeau, from the Actresses series (N245) issued by Kinney Brothers to promote Sweet Caporal Cigarettes",Drawings and Prints,1890,,Albumen photograph,Photographs,Kinney Brothers Tobacco Company,,,1890,1890
570875,Sample of Cloth,Egyptian Art,ca. 2353–2323 B.C.,,Linen,,,Egypt,Old Kingdom,-2353,-2323
193803,Snuffbox,European Sculpture and Decorative Arts,1767–68,,"Gold, enamel, diamonds",Metalwork-Gold and Platinum,Jean Marie Tiron (called Tiron de Nanteuil),,,1767,1768
638334,"Jacob Meeting Rachel at the Well, from Diversarum Iconum...Series Secunda",Drawings and Prints,1724,,Chiaroscuro woodcut from three blocks in gray ink,Prints,Anton Maria Zanetti the Elder,,,1724,1724
269243,"Elise Häusermann, Hermine, Marie and Marie Antoine",Photographs,1850s–60s,,Albumen silver print from glass negative,Photographs,Franz Antoine,,,1850,1869
339895,Rustic Scene – A Woman Washing Clothes in a Stream,Drawings and Prints,18th century,,Gouache,Drawings,"Anonymous, French, 18th century",,,1700,1799
557203,Cobra-head amulet,Egyptian Art,ca. 1981–1295 B.C.,,Carnelian,,,Egypt,Middle Kingdom–Early New Kingdom,-1981,-1981
546573,Sealing,Egyptian Art,ca. 2030–1640 B.C.,,Clay (unfired),,,Egypt,Middle Kingdom,-2030,-1640
317392,Ritual Stone,The Michael C. Rockefeller Wing,before 16th century,Mexican,Stone,Stone-Implements,,Mexico,,1200,1600
361202,Canon of St Sepulchre,Drawings and Prints,1656–1730,,Etching; third state of three,Prints,Wenceslaus Hollar,,,1656,1730
833903,Bowl,The Michael C. Rockefeller Wing,13th–15th century,Ancestral Puebloan (Salado),Clay,Ceramics-Vessels,,United States,,1200,1499
406587,"Nubian Sword, from the Arms of All Nations series (N3) for Allen & Ginter Cigarettes Brands",Drawings and Prints,1887,,Commercial color lithograph,Prints,Allen & Ginter,,,1887,1887
368209,An Old Lady Sitting Near a Pillar at Side of Road,Drawings and Prints,1819,,Etching; second state,Prints,Johann Christoph Erhard,,,1819,1819
72573,Maharana Raj Singh II in Procession with Members of His Court,Asian Art,ca. 1755,"India (Rajasthan, Mewar)","Ink, opaque watercolor, and gold on paper",Paintings,,,,1745,1765
223858,Piece,European Sculpture and Decorative Arts,late 19th century,,Cotton,Textiles-Printed,,,,1885,1899
209634,Fan,European Sculpture and Decorative Arts,second half 19th century,,"Lace, mother-of-pearl, and horn",Fans,,,,1850,1899
40287,Odes of the State of Bin: The Seventh Month,Asian Art,13th century,China,Handscroll; ink on paper,Paintings,Unidentified artist,,Southern Song dynasty (1127–1279),1200,1279
284845,"[Construction Site, England]",Photographs,September 1973,,Chromogenic print,Photographs,Walker Evans,,,1973,1973
12954,Nathaniel Griffing,The American Wing,ca. 1800,American,Watercolor on ivory,,,,,1797,1800
455366,Necklet,Islamic Art,late 19th–early 20th century,,"Silver; fire-gilded and chased, with ram’s-head upper terminals, openwork, wire chains, embossed pendants, table-cut and cabochon carnelians, and turquoise beads",Jewelry,,,,1875,1925
427158,"Wild Field Carnation, Cora Tanner, from the Fairest Flowers of the World series (N106) to promote Honest Long Cut Tobacco manufactured by W. Duke Sons & Co.",Drawings and Prints,1888,,Commercial color lithograph,Prints,"W. Duke, Sons & Co.",,,1888,1888
209933,Fan,European Sculpture and Decorative Arts,1758,,Gouache on parchment; mother-of-pearl,Fans,,,,1753,1763
455438,Whorl Collar,Islamic Art,late 19th–early 20th century,,"Silver; fire-gilded and chased, with decorative wire",Jewelry,,,,1875,1925
208504,Cup (part of a service),European Sculpture and Decorative Arts,1743–59,,Soft-paste porcelain,Ceramics-Porcelain,Capodimonte Porcelain Manufactory,,,1743,1759
3915,Gate-leg Table,The American Wing,1700–1725,American,Walnut,,,United States,,1700,1725
45169,Scabbard slide,Asian Art,4th–2nd century BCE,China,Jade (nephrite),Jade,,,Eastern Zhou (770–256 BCE)–Western Han (206 BCE–9 CE),-400,-100
631526,"Light Artillery, Austria-Hungary, from the Military Uniforms series (T182) issued by Abdul Cigarettes",Drawings and Prints,1881,,Commercial color lithograph,Prints,Abdul Cigarettes,,,1881,1881
491088,Sample,Modern and Contemporary Art,1925,American,"Silk, printed",Textiles-Printed,Louis A. Stirn,,,1925,1925
35727,Portions of an Armor Garniture,Arms and Armor,"ca. 1550–55, some etched decoration, 19th century","German, Augsburg","Steel, gold, leather, velvet",Armor for Man,Jörg Sorg the Younger,Germany,,1525,1900
212636,Cuffs (2),European Sculpture and Decorative Arts,late 19th century,,"Bobbin lace, Duchesse lace",Textiles-Laces,,,,1885,1899
40706,One of a Pair of Vases with Dragon Handles,Asian Art,19th century,China,Cloisonné enamel with gilt bronze and champlevé,Cloisonné,,,Qing dynasty (1644–1911),1800,1899
848826,The Guide (Éclaireur),Modern and Contemporary Art,1962,,Oil on canvas,Paintings,Hervé Télémaque,,,1962,1962
14953,Curtain,The American Wing,ca. 1850,European or possibly American,"Silk and cotton, woven",,,,,1847,1850
776671,"""Rube"" Walker, Catcher, Brooklyn Dodgers, from the ""1955 Topps Regular Issue"" series (R414-9), issued by Topps Chewing Gum Company",Drawings and Prints,1955,,Commercial color lithograph,Prints,Topps Chewing Gum Company,,,1955,1955
277359,"[Two 35mm Film Frames: Young Woman Outside Clothing Store, Georgia]",Photographs,1934–35,,Film negative,Negatives,Walker Evans,,,1934,1935
42054,Daoist Immortal,Asian Art,late 17th–early 18th century,China,"Nephrite, white with light greenish tint",Jade,,,"Qing dynasty (1644–1911), Qianlong period (1736–95)",1667,1733
405373,"Lillian Lewis, from the Actors and Actresses series (N171) for Old Judge Cigarettes",Drawings and Prints,1886–90,,Albumen photograph,Photographs,Goodwin & Company,,,1886,1890
217451,Piece,European Sculpture and Decorative Arts,19th century,,Cotton,Textiles-Printed,,,,1800,1899
245988,Gold fibula (safety pin) with recumbent lion,Greek and Roman Art,6th–5th century BCE,Etruscan,Gold,Gold and Silver,,,Archaic-Classical,-599,-400
555201,Scarab,Egyptian Art,664–332 B.C.,,"Steatite, black",,,Egypt,Late Period,-664,-343
387780,"Saint Jerome Extracting a Thorn from the Lion's Foot, 19th century reprint",Drawings and Prints,n.d.,,Woodcut,Prints,Albrecht Dürer,,,1485,1528
204264,Halberd,European Sculpture and Decorative Arts,18th century,,Wood and steel,Crèche,,,,1700,1799
419654,"Allen Granberry Thurman, from the Presidential Baseball Club series (N154) for Duke brand Honest Long Cut Tobacco",Drawings and Prints,1888,,Albumen photograph,Photographs,"W. Duke, Sons & Co.",,,1888,1888
88764,Shoes,European Sculpture and Decorative Arts,19th century,,bark,Accessory-Foot and Leg wear-Womenswear,,,,1800,1899
646825,Reaping (from Wayside Posies: Original Poems of the Country Life),Drawings and Prints,1867,,Wood engraving,Prints,John William North,,,1867,1867
917791,"[Merchants' Carnival Portrait: Carpenter Photography Studio, Saline, Missouri]",Photographs,1880s–1890s,,Albumen silver print,Photographs,Carpenter,,,1880,1899
814324,"Design for a Frieze with Acanthus Scrolls sprouting from the Torso of a Man, from ""Libro de Fresi et Fogliami""",Drawings and Prints,before 1573,,Engraving (proof?); state before numbering,Prints,Enea Vico,,,1573,1573
445635,Bowl,Islamic Art,19th–early 20th century,,Plated base metal,Reproductions,,Hungary,,1800,1925
446246,Plaque for a Collar or Necklace,Islamic Art,8th century?,,"Steatite, gold, mother of pearl",Jewelry,,Egypt,,700,799
383053,The Last Judgment,Drawings and Prints,1558,,Engraving; first state of two,Prints,Pieter Bruegel the Elder,,,1558,1558
219157,Man's handkerchief,European Sculpture and Decorative Arts,19th century,,Silk,Textiles-Woven,,,,1800,1899
704980,Mlle Simon; Bauchet,Photographs,1861,,Albumen silver print from glass negative,Photographs,André-Adolphe-Eugène Disdéri,,,1861,1861
380539,A Seated Woman,Drawings and Prints,1898,,Photographic reproduction of a drawing,Miscellaneous,René-François-Xavier Prinet,,,1898,1898
724800,"Private, City Guards, Springfield, Ohio, from the Military Series (N224) issued by Kinney Tobacco Company to promote Sweet Caporal Cigarettes",Drawings and Prints,1888,,Commercial color lithograph,Prints,Kinney Brothers Tobacco Company,,,1888,1888
346040,Neue Künstliche Figuren Biblischer Historien,Drawings and Prints,1576,,Woodcuts,Books,Tobias Stimmer,Germany,,1576,1576
187939,Pavement tile,European Sculpture and Decorative Arts,16th–17th century,,Tin-glazed earthenware,Ceramics-Pottery,,,,1500,1699
60276,Netsuke of Monkey with a Chestnut,Asian Art,19th century,Japan,Ivory,Netsuke,,,Edo (1615–1868) or Meiji period (1868–1912),1800,1899
59557,Belt hook in the shape of a dragon,Asian Art,3rd–2nd century BCE,North China,Gilt bronze,Metalwork,,,Western Han dynasty (206 BCE–9 CE),-299,-100
549448,Scarab Necklace,Egyptian Art,ca. 1479–1458 B.C.,,Faience,,,Egypt,New Kingdom,-1473,-1458
359161,Dawn (Head of Hypnos),Drawings and Prints,1901 (?),,"Blue, red, brown and black chalk; framing lines in black chalk",Drawings,Simeon Solomon,,,1901,1901
310198,"Bottle, Sleeping Figure",The Michael C. Rockefeller Wing,3rd–6th century,Moche,"Ceramic, slip, pigment",Ceramics-Containers,,Peru,,200,600
353694,"Architecture ou Art de bien bastir de Marc Vitruve Pollion autheur romain antique: mis Latin en Francois, par Ian Martin Secretaire de Monseigneur le Cardinal de Lenoncourt",Drawings and Prints,1572,,Printed book with woodcut illustrations,Books,Marcus Pollio Vitruvius,France,,1572,1572
348409,Spain,Drawings and Prints,1876,,,Books,baron Jean-Charles Davillier,,,1876,1876
377367,"Two eagles, from 'Eagles'  (Les aigles)",Drawings and Prints,ca. 1651,,Etching,Prints,Stefano della Bella,,,1646,1656
776000,"Windy McCall, Pitcher, New York Giants, from the ""1957 Topps Regular Issue"" series (R414-12), issued by Topps Chewing Gum Company.",Drawings and Prints,1957,,Commercial color lithograph,Prints,Topps Chewing Gum Company,,,1957,1957
651797,"Balaam on Mount Peor Seeing the Israelite Camp, from ""The Story of Balaam""",Drawings and Prints,1584–85,,Etching; second state of three,Prints,Maerten de Vos,,,1584,1585
32064,Helmet,Arms and Armor,16th century,Turkish,Iron,Helmets,,Ottoman Empire,,1501,1600
556676,Ostracon with hieratic inscription,Egyptian Art,ca. 2051–1981 B.C.,,"Pottery, ink",,,Egypt,Middle Kingdom,-2051,-1981
545573,Marsh Bowl,Egyptian Art,ca. 1550–1295 B.C.,,"Blue faience, paint",,,Egypt,New Kingdom,-1550,-1295
504805,Dohol,Musical Instruments,19th century,Iranian (Persian),"Wood, skin, paper, metal",Membranophone-double-headed / frame drum,,Iran,,1800,1899
61922,Pipe Case,Asian Art,19th century,Japan,Wood,Woodwork,,,Edo (1615–1868) or Meiji period (1868–1912),1800,1899
36286,Turnip and Katydid,Asian Art,dated 1942,China,Folding fan; ink and color on alum paper,Paintings,Yu Feian,,,1942,1942
341930,Christ in the House of Simon,Drawings and Prints,ca. 1830–78,,Engraving and etching,Prints,Girolamo Scotto,,,1825,1878
650077,Meeting House,Drawings and Prints,1940,,Lithograph,Prints,Stow Wengenroth,,,1940,1940
285821,"The Valley of the Anio, with the Upper and Lower Cascatelle, Mecenas's Villa, and Distant Campagna",Photographs,by 1858,,Albumen silver print from glass negative,Photographs,Robert Macpherson,,,1858,1858
718874,Terracotta fragment of a kylix (drinking cup),Greek and Roman Art,440–420 BCE,"Greek, Attic",Terracotta,Vases,,,Classical,-530,-400
774993,[Paper Moon Studio Portrait],Photographs,1900s–1930s,,Gelatin silver print,Photographs,Unknown,,,1900,1939
66890,Piece,Asian Art,18th–19th century,Japan,Silk,Textiles-Woven,,,,1700,1899
224467,Piece,European Sculpture and Decorative Arts,early 19th century,,Silk on silk,Textiles-Embroidered,,,,1800,1815
191651,Set of three plates (part of a set),European Sculpture and Decorative Arts,late 18th century,,Pottery,Ceramics-Pottery,Wedgwood and Co.,,,1785,1799
187825,Coffeepot (part of a set),European Sculpture and Decorative Arts,1820–30,,Hard-paste porcelain,Ceramics-Porcelain,,,,1820,1830
417474,"Mlle. Gedulic, from the Actors and Actresses series (N45, Type 8) for Virginia Brights Cigarettes",Drawings and Prints,ca. 1888,,Albumen photograph,Photographs,Allen & Ginter,,,1885,1891
369292,Le Pot au Lait,Drawings and Prints,n.d.,,Etching,Prints,Jean Honoré Fragonard,,,1745,1806
98790,Evening ensemble,Costume Institute,1983,French,"silk, glass",,Yves Saint Laurent,,,1983,1983
354528,Pond View,Drawings and Prints,ca. 1911–55,,Etching with drypoint,Prints,Sears Gallagher,,,1911,1955
173371,Textile panel,European Sculpture and Decorative Arts,1675–1720,,"Silk, metallic, linen",Textiles-Embroidered,,,,1675,1720
246027,Gold pin,Greek and Roman Art,late 6th–5th century BCE,Etruscan,"Gold, iron ??",Gold and Silver,,,Late Archaic,-599,-400
377059,"Landscape, ""Villanella gentil ch'attenta mira...""",Drawings and Prints,1762,,Etching and engraving; third state,Prints,Francesco Bartolozzi,,,1762,1762
221408,Stole,European Sculpture and Decorative Arts,1589– 90,,Silk and metal thread,Textiles-Embroidered,,,,1589,1590
784784,"Grace Cunard, Universal, from the ""Moving Picture Stars"" series (T86), issued with Egyptian Oasis Cigarettes by Liggett & Myers Tobacco Company",Drawings and Prints,1917,,Commercial photolithograph,Prints,Liggett & Myers Tobacco Company,,,1917,1917
894259,Woman sitting on a garden bench,Drawings and Prints,1878–80 (printed 1881),,Etching; third state of three,Prints,Giuseppe De Nittis,,,1878,1880
45814,Calligraphy,Asian Art,16th century or later,China,Folding fan mounted as an album leaf; ink on paper,Calligraphy,Unidentified artist,,Ming dynasty (1368–1644),1500,1644
366093,Virginia Gerson,Drawings and Prints,1870–1903,,"Etching, printed with plate tone",Prints,Robert Frederick Blum,,,1870,1903
725207,"Sapper, France, 1853, from the Military Series (N224) issued by Kinney Tobacco Company to promote Sweet Caporal Cigarettes",Drawings and Prints,1888,,Commercial color lithograph,Prints,Kinney Brothers Tobacco Company,,,1888,1888
777719,The Duel Interrupted,Drawings and Prints,after 1871,,Engraving,Prints,Herbert Bourne,,,1871,1880
768500,4-on-1 from Exhibits Novelty Star Designs (W435),Drawings and Prints,ca. 1929,,Commercial color photolithograph,Prints,,,,1924,1934
426758,"Josef Albers at the Metropolitan Museum of Art, Nov. 19, 1971–Jan.9, 1972",Drawings and Prints,1971,,Silkscreen,Posters,Josef Albers,,,1971,1971
61644,Statuette,Asian Art,18th century or earlier,China,Painted wood,Sculpture,,,probably late Ming dynasty (1368–1644),1700,1799
32587,Hunting Knife (Coutelas),Arms and Armor,18th century,"Swiss, Zurich","Steel, antler",Knives,,Switzerland,,1701,1800
545202,Rhinoceros beetle box,Egyptian Art,664–30 B.C.,,Cupreous metal,,,Egypt,Ptolemaic Period,-664,-30
422100,"Osprey, from the Birds of America series (N37) for Allen & Ginter Cigarettes",Drawings and Prints,1888,,Commercial color lithograph,Prints,Allen & Ginter,,,1888,1888
750459,Terracotta rim fragment of a kyathos (cup-shaped ladle),Greek and Roman Art,late 6th/early 5th century BCE,"Greek, Attic",Terracotta,Vases,,,Archaic,-650,-450
7343,Sconce,The American Wing,1800–1900,"American, Shaker",Pine,,United Society of Believers in Christ’s Second Appearing (“Shakers”),,,1800,1900
59135,Netsuke of Ox and Herder,Asian Art,18th century,Japan,Wood,Netsuke,,,Edo period (1615–1868),1700,1799
899251,The Oxford Almanack for the Year of Our Lord God MDCCCXLVI – St. Giles' Church,Drawings and Prints,1846,,Steel engraving,Prints,William Radclyffe,,,1846,1846
678442,Terracotta fragments of kylikes (drinking cups),Greek and Roman Art,5th century BCE,"Greek, Attic",Terracotta,Vases,,,Archaic/Classical,-500,-450
766683,Night Voyage or Net Fishing,Drawings and Prints,1862,,"Pen and ink on tracing paper, redrawn in graphite on verso",Drawings,Charles-François Daubigny,,,1862,1862
216553,Piece,European Sculpture and Decorative Arts,1740?–?50,,Silk,Textiles-Woven,,,,1740,1750
153552,Ensemble,Costume Institute,spring/summer 2003,Austrian,"(a, b) synthetic fiber; (c) cotton, latex, metal; (d, e) leather, plastic; (f) plastic, metal",,Helmut Lang,,,2003,2003
347010,"The Cabinet of Marquetery, buhl, and inlaid wood; designs for doors, corners, panels, ornaments, trinkets, natural flowers, marquetry, etc.",Drawings and Prints,1867,,,Books,"Anonymous, British, 19th century",England,,1867,1867
387901,Catalogue of Hall Striking Clocks,Drawings and Prints,1889,,Illustrations: wood engraving or photo engraving,Books,The E. Howard Watch and Clock Co.,,,1889,1889
387031,Designs for Five Women's Dresses,Drawings and Prints,ca. 1915,,"Black and white gouache, pen and ink and brush",Drawings,A. Foa,,,1915,1917
201323,Tea caddy (part of a service),European Sculpture and Decorative Arts,1795–1800,,Hard-paste porcelain,Ceramics-Porcelain-Export,,,,1795,1800
777199,Jack Hoxie from Western Stars or Scenes Exhibit Cards series (W412),Drawings and Prints,ca. 1920–35,,Commercial color photolithograph,Prints,,,,1920,1935
343310,Mary Magdalen,Drawings and Prints,ca. 1490,,Engraving,Prints,Master i.e.,Germany,,1480,1500
835644,"[Contact Sheet (Roll 6550): Group of Feminists, including Betty Friedan, Jacqueline Ceballos, and Ivy Bottini from NOW]",Photographs,June 1969,,Gelatin silver print (stabilization print),Photographs,Diane Arbus,,,1969,1969
35316,Knife Handle (Kozuka),Arms and Armor,ca. 1615–1868,Japanese,Silver,Sword Furniture-Kozuka,,Japan,,1590,1900
141656,Ring,Costume Institute,probably 19th century,Chinese,jade,,,,,1775,1925
325935,Cup,Ancient West Asian Art,ca. 19th–16th century BCE,Iran,Ceramic,,,,Middle Bronze Age,-1900,-1500
1019,Bride Box,The American Wing,1770–1800,American,Cedar,,,United States,,1770,1800
337536,Olympia (published plate),Drawings and Prints,1867,,Etching; second state of six,Prints,Edouard Manet,,,1867,1867
239521,Breadth,European Sculpture and Decorative Arts,late 19th century,,Silk,Textiles-Woven,,,,1880,1899
899529,[Johnny the Orange Man],Photographs,1880s,,Albumen silver print,Photographs,Pach Brothers,,,1880,1889
704612,Double cobweb valentine with Venetian scene,Drawings and Prints,1830–50,,"Lithography, watercolor on openwork cameo-embossed paper",Ephemera,Anonymous,,,1830,1850
708943,"Entry of Henri III, King of France and Poland, into Venice",Drawings and Prints,1574,,Etching,Prints,Domenico Zenoi,,,1574,1574
370699,Agrippina,Drawings and Prints,1557,,Engraving,Prints,Enea Vico,,,1557,1557
252092,Steatite Triangular Prism,Greek and Roman Art,ca. 1800–1700 BCE,Minoan,Steatite,Gems,,,Middle Minoan II,-1800,-1700
353386,Daphnis & Chloé,Drawings and Prints,1895,,,Books,Longus,,,1895,1895
575282,Spatula,Egyptian Art,ca. 1295–1070 B.C.,,Slate,,,Egypt,"New Kingdom, Ramesside",-1295,-1295
652946,Dr. Robert H. Collyer,Drawings and Prints,1839,,Cut paper silhouette,Cut Paper,Auguste Edouart,,,1839,1839
704263,Terracotta fragment of a kylix (drinking cup),Greek and Roman Art,510–500 BCE,"Greek, Attic",Terracotta,Vases,,,Archaic,-530,-450
427974,"Myrrha is Turned into a Tree, from Les Métamorphoses d'Ovide en Latin et en François de la traduction de M. l'Abbé Banier de l'Académie Royale des Inscriptions et Belles-Lettres. Avec des explications historiques. A Paris Chez Despilly rue saint Jacques à la croix d'or. MDCCLXVII. Avec Approbation et Privilège du Roi",Drawings and Prints,1769,,Etching and engraving,Prints,Nicolas de Launay,,,1769,1769
550462,Plaque From a Foundation Deposit of Ramesses IV,Egyptian Art,ca. 1153–1147 B.C.,,Faience,,,Egypt,"New Kingdom, Ramesside",-1153,-1153
644726,"Her Majesty Nannerl the Washerwoman (in ""Good Words for 1862,"" p. 536)",Drawings and Prints,1862,,Wood engraving,Prints,Charles Samuel Keene,,,1862,1862
387262,"Aukland, New Zealand, Illustration for ""A Song of the English""",Drawings and Prints,ca. 1909,,Watercolor,Drawings,William Heath Robinson,,,1904,1914
114390,Button,Costume Institute,ca. 1770,British,enamel,,,,,1765,1775
189950,Pair of vase handles,European Sculpture and Decorative Arts,19th century,,Gilt bronze,Metalwork-Gilt Bronze,,,,1800,1899
260343,Brooklyn Beachcomber,Photographs,1945,,Gelatin silver print,Photographs,Brett Weston,,,1945,1945
206006,Two-handled beaker and saucer,European Sculpture and Decorative Arts,1720–25,,Hard-paste porcelain,Ceramics-Porcelain,Meissen Manufactory,,,1720,1725
32646,Roundel Dagger,Arms and Armor,15th century and later,South French,"Steel, copper alloy, gold",Daggers,,France,,1401,1900
447828,Petrified Lemon,Islamic Art,3rd–12th century,,Lemon,Miscellaneous,,Egypt,,200,1199
659561,"The Chincha Islands – Distance, Five Miles Northwest by West",Drawings and Prints,after 1860,,Hand-colored lithograph,Prints,Currier & Ives,,,1860,1860
421238,Downtown Manhattan,Drawings and Prints,1934,,Etching,Prints,Albert E. Flanagan,,,1934,1934
36468,Ichikawa Danjuro Fifth as a Komuso Holding a Basket-Hat in His Right Hand,Asian Art,ca. 1775,Japan,Diptych of woodblock prints (nishiki-e); ink and color on paper,Prints,Katsukawa Shunshō　勝川春章,,Edo period (1615–1868),1765,1785
670282,Terracotta fragment of a kylix (drinking cup),Greek and Roman Art,490–480 BCE,"Greek, Attic",Terracotta,Vases,,,Late Archaic,-500,-450
270324,"St. Paul's, London",Photographs,1870s,,Albumen silver print from glass negative,Photographs,Unknown,,,1870,1879
35161,Poniard or Dirk,Arms and Armor,early 19th century,"Spanish, Balearic Islands","Steel, brass, horn, bone, possibly tin",Knives,,Spain,,1801,1850
32353,Halberd,Arms and Armor,early 16th century,German,"Steel, wood, textile (velvet)",Shafted Weapons,,Germany,,1500,1550
452262,Seal Stamp,Islamic Art,late 19th–early 20th century,,Chalcedony (carnelian),Seals,,Iran,,1875,1925
382579,Two Dancing Dwarfs,Drawings and Prints,ca. 1643,,Etching,Prints,Stefano della Bella,,,1638,1648
399616,"Un Candidat, plate 48 from ""Caricaturana""",Drawings and Prints,"May 18, 1837",,Lithograph on newsprint,Prints,Honoré Daumier,,,1808,1879
889470,L'Entré triumphale des Troupes royales a Nouvelle Yorck (The Triumphal Entry of Royal Troops into New York),Drawings and Prints,ca. 1776,,Hand-colored etching and engraving,Prints,"Anonymous, French, 18th century",,,1771,1781
770649,Drunk Beggar Vomitting,Drawings and Prints,1633,,Engraving,Prints,Jan van de Velde II,,,1633,1633
416723,"Man of Sorrows, from Speculum Passionis Domini Nostri Ihesu Christi",Drawings and Prints,1507,,Woodcut,Prints,Hans Baldung (called Hans Baldung Grien),,,1507,1507
118677,Evening coat,Costume Institute,ca. 1922,Italian,"silk, glass",,Fortuny,,,1917,1927
34996,Pair of Sword-Grip Ornaments (Menuki),Arms and Armor,19th century,Japanese,"Copper-gold alloy (shakudō), gold",Sword Furniture-Menuki,,Japan,,1801,1900
399673,"Female Nude, Standing",Drawings and Prints,1920,,Drypoint,Prints,Elie Nadelman,,,1920,1920
50349,Vase in Shape of Archaic Chinese bronze,Asian Art,second half of the 18th century,Japan,"Porcelain with celadon glaze (Hizen ware, Nabeshima type)",Ceramics,,,Edo period (1615–1868),1750,1799
767590,Jack Holt (Paramount) from Western Stars Exhibit Playing Cards (W403),Drawings and Prints,ca. 1928,,Commercial color photolithograph,Prints,Exhibit Supply Company,,,1923,1933
188215,Spoon caddy,European Sculpture and Decorative Arts,1798–99,,Silver,Metalwork-Silver,"T. W., London",,,1798,1799
43625,Hatchet,Asian Art,,France,Jadeite,Jade,,,,1902,1902
460282,Hip-joint armchair (Dantesca type),Robert Lehman Collection,15th or 16th century (textiles); 19th century (?) with earlier parts (chair),Italian (?),"Walnut, carved; silk cut velvet, metal.",Woodwork-Furniture,,,,1400,1900
41016,Seal,Asian Art,,China,Green jade,Seals,,,Song dynasty (960–1279),960,1279
558652,Scarab,Egyptian Art,ca. 1640–1550 B.C.,,Green jasper,,,Egypt,Second Intermediate Period,-1640,-1550
775070,[Paper Moon Studio Portrait],Photographs,1900s–1930s,,Gelatin silver print,Photographs,Unknown,,,1900,1939
213800,Galloon,European Sculpture and Decorative Arts,17th–18th century,,Silk,Textiles-Trimmings,,,,1600,1799
341675,Bacchante,Drawings and Prints,first half 19th century,,"Pen and brown ink, brush and pink wash",Drawings,William Etty,,,1800,1849
71799,Piece,Asian Art,18th century,Japan,Silk / Compound weave,Textiles-Woven,,,Edo period (1615–1868),1700,1799
917565,A winged putto holding a lance,Drawings and Prints,1700–1741,,Engraving,Prints,Giovanni Girolamo Frezza,,,1700,1741
821056,Ethel Clayton from Movie Stars Drawings strip cards (W500),Drawings and Prints,ca. 1920–30,,Commercial color photolithograph,Prints,,,,1919,1930
443168,Ewer,Islamic Art,4th–5th century,,Bronze; cast,Metal,,Egypt,,300,499
222650,Piece,European Sculpture and Decorative Arts,ca. 1715,,Silk and silver thread,Textiles-Woven,,,,1710,1720
449858,Mold for Making Ceramics,Islamic Art,late 9th–early 10th century,,Clay; molded,Ceramics,,Iran,,875,925
462712,Solidus,Medieval Art,381–383,Byzantine,Gold,Coins,,,,381,383
27682,Brigandine Plate,Arms and Armor,1400–1450,Italian,Iron alloy,Armor Parts,,Italy,,1400,1450
485106,Glass,Modern and Contemporary Art,ca. 1950,,Glass,Glass,Kaj Franck,,,1950,1950
50922,Covered Box,Asian Art,,China,Porcelain with peachbloom glaze and green mottling,Ceramics,,,"Qing dynasty (1644–1911), Kangxi period (1662–1722)",1662,1722
352240,A New Book of Ornaments,Drawings and Prints,"April 23, 1758",,,Books,Thomas Johnson,,,1758,1758
548888,Artists Sketch of Flute Player (?),Egyptian Art,ca. 1479–1458 B.C.,,"Limestone, ink",,,Egypt,New Kingdom,-1473,-1458
452166,"""Faramarz Encircled While Battling Bahman"", Folio 475r from the Shahnama (Book of Kings) of Shah Tahmasp",Islamic Art,ca. 1530–35,,"Opaque watercolor, ink, silver, and gold on paper",Codices,Abu'l Qasim Firdausi,Iran,,1505,1560
441230,A Female Martyr Saint,European Paintings,ca. 1650,,Oil on wood,Paintings,Carlo Francesco Nuvolone,,,1645,1655
406528,"Interior view of St. Peter's Basilica in the Vatican, from ""Vedute di Roma"" (Views of Rome), part I",Drawings and Prints,ca. 1750–78,,Etching; fourth state of six (Hind),Prints,Giovanni Battista Piranesi,,,1750,1780
271827,Women Seated on the Grass,Photographs,1880s,,Albumen silver print,Photographs,Thomas Eakins,,,1880,1889
913644,Jacket,Costume Institute,ca. 1940,American,"wool, glass",,Gilbert Adrian,,,1935,1945
230221,Fragment,European Sculpture and Decorative Arts,late 16th century,,Silk,Textiles-Velvets,,,,1585,1599
196453,Pregnant Woman,European Sculpture and Decorative Arts,"modeled probably ca. 1896–1910, cast 1920",,Bronze,Sculpture-Bronze,Edgar Degas,,,1891,1920
556097,Hippopotamus head amulet,Egyptian Art,ca. 1981–1550 B.C.,,Carnelian,,,Egypt,Middle Kingdom–Second Intermediate Period,-1981,-1550
641047,"Landscape with Windmill, bound in L'Oeuvre original de Vivant Denon. Collection de eaux-fortes, Volume 1",Drawings and Prints,1873,,Lithograph,Books,Baron Dominique Vivant Denon,France,,1873,1873
268897,[Man with White Hair in Checked Pants],Photographs,1843–47,,Salted paper print from paper negative,Photographs,Hill and Adamson,,,1843,1847
217827,Sample,European Sculpture and Decorative Arts,19th century,,Crochet,Textiles-Laces,,,,1800,1899
239787,Glass perfume bottle,Greek and Roman Art,1st century CE,Roman,Glass,Glass,,,Early Imperial,1,99
338454,Frieze with Ornamental Foliage with a Nude Man Looking Upward,Drawings and Prints,ca. 1540–70,,"Engraving, first state of two",Prints,"Anonymous, Italian, 16th century",,,1535,1575
80264,Hat,Costume Institute,1930s,Italian,"straw, leather",,,,,1930,1939
557205,Fragmentary Statuette of a Woman,Egyptian Art,ca. 1295–1213 B.C.,,Quartzite,,,Egypt,"New Kingdom, Ramesside",-1295,-1295
504397,Harmonium,Musical Instruments,after 1886,French,"Wood, various materials",Aerophone-Free Reed-harmonium,Victor and Auguste Mustel,France,,1886,1886
261478,Aux écoutes,Photographs,1860s,,Albumen silver print from glass negative,Photographs,Pierre-Louis Pierson,,,1860,1869
371460,Holy Family with St. Elizabeth and the Infant St. John the Baptist,Drawings and Prints,ca. 1639,,Etching,Prints,Simone Cantarini,,,1634,1644
269542,[Bugler],Photographs,1880s–90s,,Gelatin silver print,Photographs,Unknown,,,1880,1899
906674,Ubayd Zakani,Modern and Contemporary Art,1983–86,,Pen and ink on paper,Drawings,Ardeshir Mohassess,,,1983,1986
670756,The Hon. Mrs. Henrietta Maria North,Drawings and Prints,"May 12, 1782",,Mezzotint; second state of two,Prints,John Raphael Smith,,,1782,1782
912746,Proof of useful object for catalogue,Drawings and Prints,late 19th century–early 20th century,,Wood engraving; proof,Prints,Edward F. Langzettel,,,1877,1910
43527,Fragment,Asian Art,,Russia (Siberia),Nephrite,Jade,,,,1902,1902
5779,Pitcher,The American Wing,1860–70,American,Pressed glass,,"Bryce, Walker and Company",United States,,1860,1870
372293,Man with Out-stretched Arms,Drawings and Prints,1923–55,,Woodcut,Prints,Helen West Heller,,,1923,1955
484090,Bauhaus Archive,Modern and Contemporary Art,,,watercolor on graph paper on cardboard mount,Drawings,Gertrud Preiswerk,,,1900,1985
437180,The Rebuke of Adam and Eve,European Paintings,1740,,Oil on copper,Paintings,Charles Joseph Natoire,,,1740,1740
58802,Case (Inrō) with Design of Kingfisher on Reed Stalk above Waves (obverse) Insects on Water Surface (reverse),Asian Art,19th century,Japan,"Lacquer, roiro, gold, silver and coloured togidashi, nashiji; Interior: nashiji and fundame",Inrō,,,Edo period (1615–1868),1800,1899
44332,Cocoon-Shaped Jar,Asian Art,,China,Grey earthenware with painted decoration,Ceramics,,,Han dynasty (206 BCE–220 CE),-206,220
418739,"Card 2, from the Girl Baseball Players series (N48, Type 1) for Virginia Brights Cigarettes",Drawings and Prints,1886,,Albumen photograph,Photographs,Allen & Ginter,,,1886,1888
203496,Bird's nest,European Sculpture and Decorative Arts,ca. 1755,,Soft-paste porcelain,Ceramics-Porcelain,Chelsea Porcelain Manufactory,,,1750,1760
396499,The Muddy Ones,Drawings and Prints,1900,,Etching on Japan paper; second of two states,Prints,Edgar Chahine,,,1900,1900
239520,Adonis,European Sculpture and Decorative Arts,ca. 1723–25,,Carrara marble,Sculpture,Antonio Corradini,,,1720,1730
89205,Boots,The Michael C. Rockefeller Wing,1959,Inuit,Wool,Textiles-Costumes-Accessories,,,,1959,1959
911239,The City Candidates,Drawings and Prints,1807–21,,Hand-colored etching,Prints,Isaac Cruikshank,,,1807,1821
292081,Canal Street Canal No. 3,Photographs,2002,,Chromogenic print,Photographs,Matthew Buckingham,,,2002,2002
815202,Kingfisher from Birds album cards (W211),Drawings and Prints,late 19th century,,Commercial color lithograph,Prints,,,,1870,1900
43767,Girdle buckle,Asian Art,,China,Nephrite,Jade,,,Ming dynasty (1368–1644),1368,1644
811885,Second View Close to Nice,Drawings and Prints,ca. 1750–1800,,Engraving,Prints,Joseph Vernet,,,1745,1755
